{"modelName":"baseline","sampleRate":16000,"windowLength":320,"hopLength":160,"freqBins":161,"stateSize":38256,"erbNormStateSize":32,"specNormStateSize":96,"erbNormInit":[-60.0,-60.9677429,-61.935482,-62.9032249,-63.8709679,-64.838707,-65.8064499,-66.7741928,-67.7419357,-68.7096786,-69.6774216,-70.6451569,-71.6128998,-72.5806427,-73.5483856,-74.5161285,-75.4838715,-76.4516144,-77.4193573,-78.3871002,-79.3548355,-80.3225784,-81.2903214,-82.2580643,-83.2258072,-84.1935501,-85.1612854,-86.1290283,-87.0967712,-88.0645142,-89.0322571,-90.0],"specNormInit":[0.00100000005,0.000990526401,0.000981052639,0.000971578993,0.000962105289,0.000952631643,0.000943157938,0.000933684234,0.000924210588,0.000914736884,0.000905263238,0.000895789533,0.000886315829,0.000876842183,0.000867368479,0.000857894775,0.000848421128,0.000838947424,0.00082947372,0.000820000074,0.00081052637,0.000801052665,0.000791579019,0.000782105315,0.000772631611,0.000763157965,0.00075368426,0.000744210556,0.00073473691,0.000725263206,0.000715789502,0.000706315855,0.000696842151,0.000687368447,0.000677894801,0.000668421097,0.000658947392,0.000649473746,0.000640000042,0.000630526338,0.000621052692,0.000611578987,0.000602105283,0.000592631637,0.000583157933,0.000573684229,0.000564210583,0.000554736878,0.000545263174,0.000535789528,0.000526315824,0.000516842119,0.000507368473,0.000497894769,0.000488421123,0.000478947419,0.000469473714,0.000460000068,0.000450526364,0.00044105266,0.000431579014,0.00042210531,0.000412631605,0.000403157959,0.000393684255,0.000384210551,0.000374736905,0.0003652632,0.000355789496,0.00034631585,0.000336842146,0.000327368442,0.000317894795,0.000308421091,0.000298947387,0.000289473741,0.000280000037,0.000270526332,0.000261052686,0.000251578982,0.000242105336,0.000232631632,0.000223157927,0.000213684281,0.000204210577,0.000194736873,0.000185263227,0.000175789522,0.000166315818,0.000156842172,0.000147368468,0.000137894764,0.000128421118,0.000118947413,0.000109473709,0.000100000063]}