{"modelName":"dpdfnet8_48khz_hr","sampleRate":48000,"windowLength":960,"hopLength":480,"freqBins":481,"stateSize":90228,"erbNormStateSize":481,"specNormStateSize":96,"erbNormInit":[-32.5573006,-34.8212013,-38.8535995,-39.8786011,-40.7434998,-41.5264015,-42.2550011,-42.4084015,-42.4309998,-42.6459999,-43.0335007,-43.6703987,-44.5702019,-45.3494987,-46.0084991,-46.4555016,-46.6585999,-46.5344009,-46.6155014,-46.8083992,-46.9929008,-47.160099,-47.2527008,-47.3922005,-47.6403008,-47.924099,-48.1502991,-48.3008995,-48.2300987,-48.3321991,-48.7560005,-48.9982986,-48.9334984,-48.9662018,-49.1459007,-49.3419991,-49.7210999,-50.0116005,-49.9384995,-49.9581985,-50.2630005,-50.5990982,-50.6968002,-50.6801987,-50.6985016,-50.7848015,-51.0158997,-51.2048988,-51.1635017,-51.1142998,-51.2252998,-51.3586998,-51.4637985,-51.6249008,-51.6959,-51.6421013,-51.7896004,-52.1039009,-52.2228012,-52.2448997,-52.3748016,-52.4832993,-52.6427994,-52.8335991,-52.9245987,-52.9567986,-53.0166016,-53.0936012,-53.2230988,-53.3219986,-53.2919006,-53.2598,-53.3250999,-53.4057007,-53.4346008,-53.4701004,-53.5049019,-53.5446014,-53.6279984,-53.7321014,-53.8563004,-53.9211998,-53.9846992,-54.0430984,-54.2167015,-54.4015999,-54.4896011,-54.5848007,-54.6638985,-54.7624016,-54.9357986,-55.1197014,-55.2275009,-55.3156013,-55.4165001,-55.5399017,-55.6763992,-55.7394981,-55.7476997,-55.8479004,-55.9743996,-56.0429993,-56.0859985,-56.1640015,-56.2363014,-56.2627983,-56.3778,-56.4760017,-56.5116005,-56.5653,-56.6613998,-56.7071991,-56.7462997,-56.8340988,-56.8720016,-56.9146996,-56.9864998,-57.0185013,-57.0088005,-57.0421982,-57.1057014,-57.1573982,-57.1939011,-57.2075996,-57.2134018,-57.2274017,-57.2743988,-57.3180008,-57.2798004,-57.3123016,-57.3424988,-57.3012009,-57.2733994,-57.283699,-57.2924004,-57.2481003,-57.232399,-57.2853012,-57.2801018,-57.2275009,-57.2240982,-57.2266998,-57.2223015,-57.2299004,-57.2212982,-57.1935005,-57.2167015,-57.2694016,-57.2691994,-57.2359009,-57.2661018,-57.2831993,-57.2845001,-57.2923012,-57.3002014,-57.3082008,-57.297699,-57.3480988,-57.3689003,-57.3639984,-57.3757019,-57.4231987,-57.4438019,-57.4617004,-57.5147018,-57.5293999,-57.5080986,-57.5382996,-57.5932007,-57.5671005,-57.5514984,-57.5581017,-57.5630989,-57.5514984,-57.5555,-57.5937996,-57.604599,-57.6049995,-57.6176987,-57.6236,-57.6321983,-57.6557007,-57.7024994,-57.7336998,-57.7678986,-57.8209991,-57.8595009,-57.8639984,-57.8880005,-57.9267006,-57.9714012,-57.9995003,-58.0164986,-58.0381012,-58.0719986,-58.1155014,-58.1525002,-58.153801,-58.1753006,-58.2076988,-58.2277985,-58.2361984,-58.2209015,-58.2060013,-58.229599,-58.2728004,-58.3093987,-58.3506012,-58.3813019,-58.4140015,-58.4445992,-58.4496994,-58.4720993,-58.4972,-58.5252991,-58.5301018,-58.5327988,-58.5626984,-58.5960007,-58.6232986,-58.6604004,-58.7172012,-58.7705994,-58.8209,-58.8838997,-58.9435005,-59.0027008,-59.0625992,-59.1240005,-59.2067986,-59.2783012,-59.3370018,-59.4001999,-59.4317017,-59.4729996,-59.4850006,-59.5219002,-59.5662003,-59.5397987,-59.5387001,-59.5881996,-59.6119003,-59.6049004,-59.6074982,-59.6520004,-59.6764984,-59.6948013,-59.7326012,-59.7966995,-59.8498993,-59.9053001,-59.9388008,-60.0228996,-60.0928001,-60.1237984,-60.1692009,-60.2615013,-60.3148994,-60.3410988,-60.4096985,-60.4845009,-60.5007019,-60.5396996,-60.6091003,-60.655899,-60.6968002,-60.7422981,-60.8142014,-60.8642998,-60.9090004,-60.9342003,-60.975399,-61.0166016,-61.0443993,-61.0889015,-61.1498985,-61.1810989,-61.2333984,-61.2779007,-61.3123016,-61.3727989,-61.4356003,-61.462101,-61.5222015,-61.5875015,-61.6325989,-61.6533012,-61.723999,-61.7653008,-61.7825012,-61.8326988,-61.8722992,-61.9087982,-61.9166985,-61.9361992,-62.0017014,-62.0457993,-62.0654984,-62.0833015,-62.118,-62.1346016,-62.1609993,-62.168499,-62.2173004,-62.2715988,-62.3036003,-62.3412018,-62.3841019,-62.4318008,-62.473999,-62.5171013,-62.5457001,-62.5201988,-62.6277008,-62.7108002,-62.7737007,-62.8414001,-62.8911018,-62.9369011,-62.9721985,-62.9966011,-63.0275993,-63.0891991,-63.1491013,-63.1747017,-63.2263985,-63.2770996,-63.2966995,-63.3073006,-63.3485985,-63.3913002,-63.4314003,-63.4603004,-63.4844017,-63.5415993,-63.5943985,-63.6228981,-63.6585007,-63.7060013,-63.7358017,-63.7644997,-63.7970009,-63.8261986,-63.8632011,-63.9071999,-63.9406013,-63.9934006,-64.0588989,-64.0915985,-64.1280975,-64.1837006,-64.2362976,-64.2770004,-64.2934036,-64.3225021,-64.3868027,-64.4234009,-64.4572983,-64.4972,-64.5550995,-64.5867996,-64.6232986,-64.6847992,-64.7298965,-64.7549973,-64.8106003,-64.8852005,-64.9567032,-65.0360031,-65.0944977,-65.1731033,-65.2444,-65.2854996,-65.3230972,-65.376503,-65.446701,-65.5100021,-65.5836029,-65.6743011,-65.7611008,-65.8354034,-65.8935013,-65.9760971,-66.0544968,-66.1243973,-66.1969986,-66.2873993,-66.3671036,-66.4253006,-66.4988022,-66.5821991,-66.6647034,-66.7598038,-66.8442993,-66.9459,-67.020401,-67.1024017,-67.1903992,-67.2890015,-67.3919983,-67.4990005,-67.6559982,-67.7911987,-67.8871002,-67.9999008,-68.1219025,-68.2042999,-68.2932968,-68.3825989,-68.481102,-68.6007004,-68.7118988,-68.8220978,-68.9301987,-69.0493011,-69.1750031,-69.2770996,-69.3843994,-69.4990005,-69.6035995,-69.7136002,-69.8386002,-69.952301,-70.0627975,-70.1745987,-70.2901993,-70.3977966,-70.479599,-70.5335007,-70.518898,-70.4241028,-70.2811966,-70.1092987,-70.0510025,-70.1993027,-70.3490982,-70.5081024,-70.7475967,-71.0036011,-71.245903,-71.5072021,-71.7031021,-71.9048004,-72.1479034,-72.330101,-72.6034012,-72.8438034,-73.2155991,-73.5852966,-73.7624969,-74.0639038,-74.5064011,-74.935997,-75.3741989,-75.7762985,-76.1246033,-76.4624023,-76.7764969,-77.1316986,-77.5189972,-77.895401,-78.2605972,-78.6847992,-79.1474991,-79.6326981,-80.1250992,-80.6212006,-81.1784973,-81.7838974,-82.3960037,-83.0165024,-83.6427994,-84.2643967,-84.9417038,-85.6692963,-86.3048019,-86.8884964,-87.5030975,-88.1544037,-88.7786026,-90.185997],"specNormInit":[0.00478440011,0.00231450005,0.00113810005,0.00134099997,0.00162839994,0.0013601,0.00105990004,0.0010851,0.00119039998,0.00117479998,0.0011158,0.000999439973,0.000814169995,0.000670530018,0.000553709979,0.000488049991,0.000448050007,0.000449020008,0.000443669996,0.000412980007,0.000392420014,0.000385490013,0.000387500011,0.000386439991,0.00036546,0.00033961999,0.000316830003,0.000304479996,0.000307079987,0.000297469989,0.000265690003,0.00024229,0.000241679998,0.000239989997,0.000227390003,0.000212080005,0.000189109996,0.000172610002,0.000175180001,0.000171599997,0.000155529997,0.000142510005,0.000137519994,0.000135769995,0.000137990006,0.000136119997,0.000127740001,0.000123129998,0.000124929997,0.000125830004,0.000121500001,0.000116670002,0.000112189999,0.000107929998,0.000107959997,0.000110189998,0.00010533,9.50739995e-05,9.116e-05,9.1670001e-05,8.82609966e-05,8.54239988e-05,8.1250997e-05,7.65369987e-05,7.53679997e-05,7.46209989e-05,7.32940025e-05,7.22580007e-05,7.08430016e-05,6.93550028e-05,6.94550035e-05,7.04970007e-05,6.97089999e-05,6.81140009e-05,6.92169997e-05,6.90239976e-05,6.77240023e-05,6.77849966e-05,6.77150019e-05,6.6654e-05,6.41529987e-05,6.23899978e-05,6.19729981e-05,6.16990001e-05,6.04279994e-05,5.86610004e-05,5.72870013e-05,5.58620013e-05,5.53630016e-05,5.4701999e-05,5.28890014e-05,4.96190005e-05,4.83139993e-05,4.77659996e-05,4.66329984e-05,4.59580006e-05]}